comment,label
"Sản phẩm rất tốt, mình thích lắm!",positive
"Dịch vụ quá tệ, không bao giờ mua lại.",negative
"Giao hàng nhanh, nhưng chưa sử dụng nên chưa biết chất lượng.",neutral
"Mỹ phẩm này dùng thích ghê, sẽ ủng hộ tiếp!",positive
"Giao hàng lâu quá, làm ăn kiểu gì vậy?",negative
"Chưa thử nhưng thấy nhiều người khen, chắc cũng ổn.",neutral
"Clip này đỉnh thật, xem xong muốn share liền!",positive
"Video này đỉnh thật, xem xong muốn tua lại luôn!",positive
"Dịch vụ tệ quá, không bao giờ quay lại nữa.",negative
"Clip này ổn, nhưng chưa xem hết nên chưa rõ.",neutral
"Nhạc hay vãi, nghe cả ngày không chán!",positive
"Giao hàng chậm như rùa, chán ghê!",negative
"Game này nghe nói hay, để tải thử xem sao.",neutral
"Nội dung chất lượng, đáng để subscribe!",positive
"Phim dở ẹc, phí thời gian xem.",negative
"Bài viết dài quá, đọc xong hơi mệt.",neutral
"App này xịn thật, dùng thích lắm!",positive
"Hàng lỗi tùm lum, mua về tức điên!",negative
"Chưa dùng nên không biết, để test thử.",neutral
"Clip hài quá, cười đau cả bụng!",positive
"Âm thanh tệ quá, nghe mà nhức đầu.",negative
"Sản phẩm này cũng được, không tệ lắm.",neutral
"Video đỉnh cao, không skip giây nào!",positive
"Dịch vụ lừa đảo, mọi người tránh xa nhé!",negative
"Nghe đồn phim hay, để cuối tuần xem.",neutral
"Game này tuyệt vời, chơi hoài không chán!",positive
"Giao hàng lâu quá, làm ăn kiểu gì vậy?",negative
"Nội dung bình thường, không có gì đặc biệt.",neutral
"Mỹ phẩm xài thích ghê, sẽ mua tiếp!",positive
"Hàng fake, đừng ai mua kẻo tiếc!",negative
"Chưa thử nhưng thấy review ổn, để xem.",neutral
"Clip này bá cháy, xem là mê liền!",positive
"Nhạc dở kinh khủng, tắt ngay lập tức.",negative
"Phim này dài, chưa biết hay dở ra sao.",neutral
"Sản phẩm tốt quá, 5 sao luôn!",positive
"Dịch vụ chán đời, không đáng 1 xu.",negative
"Game này tạm ổn, chơi được vài tiếng.",neutral
"Video hay cực, up thêm đi nhé!",positive
"Hàng giao trễ, thái độ nhân viên tệ nữa.",negative
"Chưa xem hết, nhưng thấy cũng bình thường.",neutral
"Nhạc chill quá, nghe thư giãn ghê!",positive
"App lỗi liên tục, xóa luôn cho rồi.",negative
"Clip này nghe nói viral, để check thử.",neutral
"Phim này đỉnh của chóp, xem đi không tiếc!",positive
"Giao hàng như rùa bò, bực cả người.",negative
"Sản phẩm này cũng được, không quá tệ.",neutral
"Nội dung sáng tạo, thích cách làm clip!",positive
"Game lag kinh khủng, chơi không nổi.",negative
"Chưa dùng nên không rõ, để thử đã.",neutral
"Video này xứng đáng triệu view, quá hay!",positive
"Hàng kém chất lượng, tiền mất tật mang.",negative
"Nhạc này bình thường, nghe tạm được.",neutral
"Clip dạy hay lắm, học được nhiều thứ!",positive
"Dịch vụ quá tệ, không đáng để thử.",negative
"Phim này dài quá, chưa biết có hay không.",neutral
"Game này đỉnh thật, chơi mê mẩn luôn!",positive
"Giao hàng chậm, thái độ hỗ trợ cũng tệ.",negative
"Clip này đỉnh thật, xem xong muốn share liền!",positive
"Dịch vụ tệ hại, không đáng 1 sao!",negative
"Game này nghe nói hay, để tải về thử.",neutral
"Nhạc chill quá, nghe là mê luôn!",positive
"Giao hàng chậm như rùa, bực mình ghê!",negative
"Video này cũng được, không quá đặc biệt.",neutral
"Phim hay vãi, xem xong cảm động muốn khóc!",positive
"Hàng lỗi tùm lum, mua về tức điên!",negative
"Chưa xem hết clip, nhưng thấy ổn.",neutral
"App này xịn quá, dùng thích mê!",positive
"Nhạc dở kinh khủng, nghe 5 giây là tắt!",negative
"Sản phẩm này bình thường, chưa biết tốt không.",neutral
"Video hài quá, cười xỉu luôn!",positive
"Dịch vụ lừa đảo, mọi người cẩn thận nhé!",negative
"Phim này dài, để cuối tuần xem thử.",neutral
"Game đỉnh cao, chơi cả ngày không chán!",positive
"Giao hàng trễ, thái độ nhân viên còn tệ hơn!",negative
"Clip này tạm được, xem giải trí thôi.",neutral
"Mỹ phẩm xài thích ghê, sẽ ủng hộ tiếp!",positive
"Hàng fake, đừng ai mua kẻo tiếc!",negative
"Chưa thử app này, nghe nói cũng ổn.",neutral
"Video này bá cháy, up thêm đi nhé!",positive
"Nhạc chán đời, không hiểu sao nổi tiếng.",negative
"Game này hơi khó, chưa biết có thích không.",neutral
"Clip dạy hay quá, học được nhiều thứ!",positive
"Dịch vụ quá tệ, phí tiền phí công!",negative
"Phim này nghe đồn hay, để xem sao.",neutral
"Sản phẩm tốt thật, 5 sao không tiếc!",positive
"Giao hàng lâu, làm ăn kiểu gì vậy?",negative
"Nội dung clip bình thường, không ấn tượng lắm.",neutral
"Video đỉnh của chóp, xem là ghiền!",positive
"App lỗi liên tục, xóa luôn cho xong!",negative
"Chưa dùng sản phẩm, để test thử đã.",neutral
"Nhạc hay cực, nghe hoài không chán!",positive
"Hàng kém chất lượng, tiền mất tật mang!",negative
"Clip này cũng ổn, xem tạm được.",neutral
"Game này tuyệt vời, chơi mê mẩn luôn!",positive
"Dịch vụ chán òm, không bao giờ quay lại!",negative
"Phim này dài quá, chưa biết hay dở.",neutral
"Video sáng tạo ghê, thích cách làm clip!",positive
"Giao hàng chậm, thái độ hỗ trợ cũng tệ!",negative
"Sản phẩm này nghe nói tốt, để thử xem.",neutral
"Clip này xứng đáng triệu view, quá chất!",positive
"Nhạc dở ẹc, phí thời gian nghe!",negative
"Game này bình thường, chơi được vài ván.",neutral
"Video dạy đỉnh quá, up thêm nhiều nữa nhé!",positive
"Hàng giao trễ, chất lượng còn tệ hơn!",negative
"Chưa xem hết phim, nhưng thấy cũng được.",neutral
"App này xài thích thật, recommend mọi người!",positive
"Dịch vụ thất vọng, không đáng để thử!",negative
"Clip này nghe nói viral, để check thử.",neutral
"Nhạc chill vãi, nghe là thư giãn liền!",positive
"Game lag kinh khủng, chơi không nổi!",negative
"Sản phẩm này tạm ổn, chưa có gì nổi bật.",neutral
"Video hài hước ghê, xem cười đau bụng!",positive
"Hàng giao chậm, còn bị móp nữa!",negative
"Phim này dài, chưa biết có hay không.",neutral
"Game đỉnh thật, chơi là mê luôn!",positive
"Dịch vụ tệ quá, không hiểu sao còn tồn tại!",negative
"Clip này bình thường, xem cho vui thôi.",neutral
"Nhạc hay quá, thêm vào playlist ngay!",positive
"App này lỗi hoài, xài bực cả người!",negative
"Chưa thử sản phẩm, nghe review cũng ổn.",neutral
"Video này đỉnh cao, không thể bỏ lỡ!",positive
"Giao hàng lâu, thái độ nhân viên kém!",negative
"Game này nghe nói hay, để chơi thử.",neutral
"Phim cảm động ghê, xem xong khóc luôn!",positive
"Hàng dởm, đừng ai mua kẻo hối hận!",negative
"Clip này cũng được, không quá tệ.",neutral
"App xịn quá, dùng thích mê ly!",positive
"Nhạc chán òm, nghe phát là tắt!",negative
"Sản phẩm này bình thường, chưa rõ chất lượng.",neutral
"Video hài quá, xem cười sảng khoái!",positive
"Dịch vụ lừa đảo, cạch mặt luôn!",negative
"Phim này dài quá, để xem từ từ.",neutral
"Game đỉnh của chóp, chơi hoài không chán!",positive
"Giao hàng chậm, hàng còn hỏng nữa!",negative
"Clip này tạm ổn, xem giải trí được.",neutral
"Mỹ phẩm tốt ghê, sẽ mua thêm!",positive
"Hàng kém chất lượng, phí tiền thật!",negative
"Chưa xem hết video, nhưng thấy cũng ổn.",neutral
"Nhạc hay vãi, nghe là ghiền luôn!",positive
"App này tệ quá, xóa ngay lập tức!",negative
"Game này nghe đồn hay, để thử xem.",neutral
"Video đỉnh thật, up thêm nhiều nhé!",positive
"Dịch vụ chán đời, không đáng 1 xu!",negative
"Phim này bình thường, chưa có gì đặc biệt.",neutral
"Sản phẩm xịn quá, 5 sao luôn!",positive
"Giao hàng lâu, thái độ hỗ trợ tệ!",negative
"Clip này cũng được, xem tạm thôi.",neutral
"Nhạc chill cực, nghe thư giãn ghê!",positive
"Game lag quá, chơi bực cả người!",negative
"Sản phẩm này ổn, chưa biết lâu dài sao.",neutral
"Video hài hước ghê, cười muốn xỉu!",positive
"Hàng giao chậm, chất lượng còn tệ!",negative
"Phim này nghe nói hay, để xem thử.",neutral
"Game đỉnh cao, chơi là mê mẩn!",positive
"Dịch vụ thất vọng, không bao giờ quay lại!",negative
"Clip này bình thường, không ấn tượng lắm.",neutral
"Nhạc hay quá, nghe hoài không chán!",positive
"Video này xuất sắc, không thể rời mắt được!",positive
"Dịch vụ quá chán, lần sau né ngay!",negative
"Game này mới ra, chưa biết có đáng chơi không.",neutral
"Nhạc cuốn quá, nghe một lần là nhớ mãi!",positive
"Giao hàng trễ kinh khủng, thất vọng toàn tập!",negative
"Clip này thú vị đấy, nhưng chưa đủ ấn tượng.",neutral
"Phim cảm xúc ghê, xem xong rưng rưng!",positive
"Hàng vừa xấu vừa đắt, mua xong tiếc đứt ruột!",negative
"Sản phẩm nghe bảo tốt, để dùng thử xem sao.",neutral
"App này mượt mà, xài sướng cả tay!",positive
"Nhạc gì mà chán thế, nghe buồn ngủ luôn!",negative
"Video này dài dòng, chưa rõ hay dở ra sao.",neutral
"Clip phản ánh đúng thực tế, vỗ tay nhiệt liệt!",positive
"Dịch vụ hỗ trợ như hạch, lần cuối hợp tác!",negative
"Game này hình đẹp, để trải nghiệm thử.",neutral
"Phim đỉnh thật sự, kịch bản quá xuất sắc!",positive
"Hàng giao sai, còn cãi khách nữa chứ!",negative
"Nhạc này nghe tạm, không có gì đặc sắc.",neutral
"Video sáng tạo đỉnh cao, không thể chê!",positive
"App toàn bug, xài mà muốn đập máy!",negative
"Sản phẩm này mới mua, chưa rõ bền không.",neutral
"Clip kể chuyện cuốn, xem xong muốn nghe tiếp!",positive
"Giao hàng chậm chạp, thái độ còn lồi lõm!",negative
"Phim này được khen nhiều, để xem có đúng không.",neutral
"Game đồ họa đẹp, chơi sướng mắt ghê!",positive
"Dịch vụ quá kém, quảng cáo thì hay ho!",negative
"Video này hơi nhàm, xem một lúc là chán.",neutral
"Nhạc remix đỉnh cao, nghe muốn nhún nhảy!",positive
"Hàng mua về hỏng luôn, shop làm ăn chán!",negative
"App này mới tải, chưa biết có ổn không.",neutral
"Clip truyền cảm hứng ghê, xem xong có động lực!",positive
"Phim gì mà nhạt nhẽo, bỏ dở giữa chừng!",negative
"Sản phẩm này giá rẻ, để thử xem chất lượng.",neutral
"Game này kịch tính, chơi mà tim đập thình thịch!",positive
"Dịch vụ chăm sóc khách hàng tệ, không tôn trọng!",negative
"Nhạc này nghe lạ, chưa biết có hợp gu không.",neutral
"Video dựng đẹp mắt, nội dung sâu sắc!",positive
"Hàng giao thiếu phụ kiện, shop giải thích vòng vo!",negative
"Clip này ngắn gọn, xem thử thấy cũng ổn.",neutral
"App thiết kế đẹp, dùng tiện lợi ghê!",positive
"Phim dở tệ, phí thời gian xem luôn!",negative
"Game này nghe bạn bè khen, để chơi thử.",neutral
"Nhạc live đỉnh quá, nổi da gà luôn!",positive
"Giao hàng lâu lắc, còn giao nhầm địa chỉ!",negative
"Video này nội dung lạ, chưa biết có hay không.",neutral
"Sản phẩm vượt mong đợi, đáng tiền ghê!",positive
"Dịch vụ hỗ trợ khách như trò đùa, bực mình!",negative
"Phim này hơi buồn, xem thử cho biết.",neutral
"Clip kể chuyện cười ra nước mắt, quá đỉnh!",positive
"Hàng rẻ mà chất lượng rẻ mạt, thất vọng!",negative
"App này mới update, để xem có gì mới.",neutral
"Game này căng thẳng, chơi mà hồi hộp ghê!",positive
"Nhạc gì mà lạc hậu thế, nghe phát chán!",negative
"Video này hình ảnh đẹp, chưa rõ nội dung sao.",neutral
"Phim này kịch bản hay, diễn viên đỉnh nữa!",positive
"Dịch vụ giao hàng lề mề, không chuyên nghiệp!",negative
"Sản phẩm này giá cao, để cân nhắc đã.",neutral
"Clip phân tích sâu sắc, học hỏi được nhiều!",positive
"Hàng giao trầy xước, shop không chịu đổi!",negative
"Game này mới ra mắt, chưa biết có hot không.",neutral
"Nhạc acoustic nhẹ nhàng, nghe relax ghê!",positive
"App crash liên tục, xài mà phát cáu!",negative
"Video này ngắn, xem thử thấy cũng được.",neutral
"Phim hành động đỉnh cao, xem mãn nhãn!",positive
"Dịch vụ quảng cáo thì ngon, thực tế thì tệ!",negative
"Sản phẩm này bạn recommend, để thử xem.",neutral
"Clip này ý nghĩa, xem xong suy ngẫm ghê!",positive
"Hàng giao lâu, mở ra còn hỏng nữa!",negative
"Nhạc này lạ tai, chưa biết có thích không.",neutral
"Game chiến thuật hay, chơi phát ghiền!",positive
"Dịch vụ quá tệ, không xứng với giá tiền!",negative
"Video này nội dung đơn giản, xem cho vui.",neutral
"Phim này cảm động, khóc hết nước mắt!",positive
"Hàng gì mà lởm thế, mua về vứt luôn!",negative
"App này mới cài, chưa rõ có tốt không.",neutral
"Clip reaction hài hước, xem cười nghiêng ngả!",positive
"Giao hàng chậm, nhân viên còn hỗn láo!",negative
"Game này đồ họa đẹp, để trải nghiệm thử.",neutral
"Nhạc EDM bùng nổ, nghe là muốn quẩy!",positive
"Dịch vụ chăm sóc khách hàng kém, cạch mặt!",negative
"Phim này dài tập, chưa biết có hay không.",neutral
"Video này sáng tạo, xem mà trầm trồ!",positive
"Hàng giao sai màu, shop không chịu trách nhiệm!",negative
"Sản phẩm này rẻ, để mua thử xem sao.",neutral
"Game nhập vai đỉnh, chơi quên cả thời gian!",positive
"Nhạc gì mà chán ngắt, nghe phát buồn ngủ!",negative
"Clip này nội dung lạ, xem thử cho biết.",neutral
"Phim này plot twist hay, xem xong bất ngờ!",positive
"Dịch vụ giao hàng tệ, không đúng hẹn!",negative
"App này nghe nói tiện, để dùng thử.",neutral
"Video du lịch đẹp mê, xem muốn xách ba lô lên!",positive
"Hàng kém bền, dùng vài ngày là hỏng!",negative
"Nhạc này bình thường, chưa thấy gì nổi bật.",neutral
"Game này hấp dẫn, chơi mà không dứt ra được!",positive
"Dịch vụ hỗ trợ chậm chạp, thái độ kém!",negative
"Phim này bạn khen, để xem có đúng không.",neutral
"Clip này dựng đẹp, nội dung cuốn hút!",positive
"Hàng giao trễ, còn bị bể nữa chứ!",negative
"Sản phẩm này giá ổn, chưa biết chất lượng.",neutral
"Nhạc ballad sâu lắng, nghe mà thấm!",positive
"Video này chất lượng, xem mà đã mắt ghê!",positive
"Dịch vụ quá tệ, liên hệ hỗ trợ không ai trả lời!",negative
"Game này mới cập nhật, chưa biết có gì hot.",neutral
"Nhạc đỉnh cao, nghe xong muốn loop lại!",positive
"Giao hàng lâu lắc, mở ra còn thiếu đồ!",negative
"Clip này nội dung đơn giản, xem tạm ổn.",neutral
"Phim này kịch tính, xem mà hồi hộp luôn!",positive
"Hàng gì mà đắt cắt cổ, chất lượng thì tệ!",negative
"Sản phẩm này nghe bạn bè khen, để thử xem.",neutral
"App này tiện lợi, dùng một lần là thích!",positive
"Nhạc dở không chịu nổi, tắt ngay từ đầu!",negative
"Video này hơi dài, chưa biết có đáng xem không.",neutral
"Clip dạy nấu ăn hay, làm theo thành công luôn!",positive
"Dịch vụ giao hàng chán, toàn giao trễ!",negative
"Game này hình ảnh đẹp, để chơi thử xem sao.",neutral
"Phim này ý nghĩa, xem xong suy nghĩ nhiều!",positive
"Hàng giao sai kích cỡ, shop không giải quyết!",negative
"Nhạc này nghe được, nhưng không quá đặc biệt.",neutral
"Video dựng chuyên nghiệp, nội dung cuốn hút!",positive
"App này chậm chạp, dùng mà phát bực!",negative
"Sản phẩm này mới ra, chưa rõ chất lượng thế nào.",neutral
"Clip này truyền năng lượng tích cực, thích ghê!",positive
"Giao hàng trễ, hàng còn bị móp méo!",negative
"Phim này nghe nói buồn, để xem thử.",neutral
"Game này chiến thuật đỉnh, chơi cực kỳ cuốn!",positive
"Dịch vụ hỗ trợ khách hàng kém, không nhiệt tình!",negative
"Video này ngắn gọn, xem cho vui thôi.",neutral
"Nhạc acoustic mượt mà, nghe muốn tan chảy!",positive
"Hàng giao lâu, chất lượng thì dưới trung bình!",negative
"App này mới nghe nói, để tải về xem sao.",neutral
"Clip kể chuyện ma ghê, xem tối nổi da gà!",positive
"Phim gì mà nhảm nhí, bỏ ngang luôn!",negative
"Sản phẩm này giá mềm, chưa biết dùng ổn không.",neutral
"Game này gay cấn, chơi mà không muốn dừng!",positive
"Dịch vụ quảng cáo thì ngon, thực tế thì dở!",negative
"Nhạc này lạ lạ, chưa rõ có hợp không.",neutral
"Video này hình ảnh đẹp, xem mê luôn!",positive
"Hàng giao thiếu, shop đổ lỗi cho khách!",negative
"Clip này nội dung mới mẻ, để xem hết đã.",neutral
"App này giao diện đẹp, dùng rất thích!",positive
"Phim dở tệ hại, phí cả buổi tối!",negative
"Game này bạn chơi khen, để thử xem sao.",neutral
"Nhạc live này đỉnh, nghe mà nổi hết da gà!",positive
"Giao hàng chậm, còn giao nhầm hàng nữa!",negative
"Video này hơi buồn, chưa biết có hay không.",neutral
"Sản phẩm vượt kỳ vọng, đáng đồng tiền!",positive
"Dịch vụ chăm sóc khách hàng như trò đùa!",negative
"Phim này dài tập, để từ từ xem.",neutral
"Clip này hài hước, xem cười chảy nước mắt!",positive
"Hàng rẻ mà kém, dùng vài bữa là hỏng!",negative
"App này mới ra mắt, chưa rõ có tốt không.",neutral
"Game này hấp dẫn, chơi mà quên giờ giấc!",positive
"Nhạc gì mà lạc lõng, nghe chẳng vào!",negative
"Video này hình đẹp, chưa rõ nội dung ra sao.",neutral
"Phim này kịch bản sáng tạo, xem rất thích!",positive
"Dịch vụ giao hàng thiếu trách nhiệm, tệ!",negative
"Sản phẩm này giá cao, để cân nhắc thêm.",neutral
"Clip phân tích chi tiết, xem học được nhiều!",positive
"Hàng giao trầy xước, shop không chịu trách nhiệm!",negative
"Game này mới lên kệ, chưa biết có hot không.",neutral
"Nhạc này nhẹ nhàng, nghe thư giãn ghê!",positive
"App toàn lỗi, dùng mà muốn đập điện thoại!",negative
"Video này ngắn gọn, xem thấy cũng được.",neutral
"Phim hành động này mãn nhãn, quá đỉnh!",positive
"Dịch vụ giao hàng lề mề, không đáng tin!",negative
"Sản phẩm này bạn recommend, để thử xem.",neutral
"Clip này ý tưởng độc đáo, xem thích mê!",positive
"Hàng giao lâu, mở ra còn hỏng luôn!",negative
"Nhạc này mới lạ, chưa biết có thích không.",neutral
"Game nhập vai này hay, chơi cực kỳ cuốn!",positive
"Dịch vụ quá tệ, không xứng đáng 1 sao!",negative
"Video này nội dung nhẹ nhàng, xem cho vui.",neutral
"Phim này cảm động, xem mà khóc nức nở!",positive
"Hàng gì mà lởm thế, mua về tức tối!",negative
"App này mới cài đặt, chưa rõ có ổn không.",neutral
"Clip reaction này vui, xem cười đau bụng!",positive
"Giao hàng chậm, nhân viên còn thái độ!",negative
"Game này đồ họa đẹp, để trải nghiệm xem.",neutral
"Nhạc EDM này sôi động, nghe muốn nhảy!",positive
"Dịch vụ hỗ trợ khách hàng kém cỏi, chán!",negative
"Phim này dài, chưa biết có đáng xem không.",neutral
"Video này sáng tạo, xem mà trầm trồ ghê!",positive
"Hàng giao sai mẫu, shop không chịu đổi!",negative
"Sản phẩm này giá rẻ, để mua thử đã.",neutral
"Game này kịch tính, chơi mà tim đập mạnh!",positive
"Nhạc gì mà chán ngắt, nghe phát buồn!",negative
"Clip này nội dung lạ, xem thử cho biết.",neutral
"Phim này plot hay, xem xong bất ngờ!",positive
"Dịch vụ giao hàng tệ hại, không đúng giờ!",negative
"App này nghe nói tiện, để dùng thử xem.",neutral
"Video du lịch này đẹp, xem muốn đi ngay!",positive
"Hàng kém bền, dùng vài hôm là hỏng!",negative
"Nhạc này bình thường, chưa thấy gì hay.",neutral
"Game này lôi cuốn, chơi quên cả ăn!",positive
"Dịch vụ hỗ trợ chậm, thái độ không tốt!",negative
"Phim này bạn khen, để xem có hay không.",neutral
"Clip này hình ảnh đẹp, nội dung cuốn!",positive
"Hàng giao trễ, còn bị bể vỡ nữa!",negative
"Sản phẩm này giá ổn, chưa rõ chất lượng.",neutral
"Nhạc ballad này thấm, nghe mà xúc động!",positive
"Video này đỉnh thật, nội dung quá sáng tạo!",positive
"Dịch vụ quá tệ, không ai thèm quay lại!",negative
"Game này mới phát hành, chưa rõ có đáng chơi.",neutral
"Nhạc này cuốn hút, nghe là muốn hát theo!",positive
"Giao hàng siêu chậm, làm ăn chán quá!",negative
"Clip này nội dung nhẹ, xem thư giãn thôi.",neutral
"Phim này gay cấn, xem mà nghẹt thở!",positive
"Hàng kém chất lượng, mua về chỉ tổ bực!",negative
"Sản phẩm này bạn giới thiệu, để thử xem.",neutral
"App này nhanh nhẹn, dùng sướng cả người!",positive
"Nhạc gì mà lạc quẻ, nghe không nổi!",negative
"Video này hơi dài dòng, chưa rõ hay không.",neutral
"Clip này dạy hay, áp dụng được luôn!",positive
"Dịch vụ giao hàng tệ, không đúng cam kết!",negative
"Game này đồ họa đẹp, để chơi thử đã.",neutral
"Phim này ý nghĩa sâu sắc, xem xong thấm!",positive
"Hàng giao sai mẫu, shop còn đổ lỗi khách!",negative
"Nhạc này nghe ổn, nhưng không quá nổi bật.",neutral
"Video dựng quá đỉnh, xem mê mẩn luôn!",positive
"App này lag hoài, xài mà phát cáu!",negative
"Sản phẩm này mới mua, chưa biết bền không.",neutral
"Clip này tích cực, xem xong vui cả ngày!",positive
"Giao hàng trễ hạn, hàng còn bị móp!",negative
"Phim này nghe bảo buồn, để xem thử sao.",neutral
"Game này chiến thuật hay, chơi cực kỳ thích!",positive
"Dịch vụ hỗ trợ khách hàng lười biếng, chán!",negative
"Video này ngắn, xem giải trí cũng được.",neutral
"Nhạc acoustic này nhẹ, nghe thư thái ghê!",positive
"Hàng giao lâu, chất lượng thì quá tệ!",negative
"App này mới nghe nói, để cài thử xem.",neutral
"Clip kể chuyện rùng rợn, xem mà sợ!",positive
"Phim này nhạt nhẽo, xem nửa đường bỏ!",negative
"Sản phẩm này giá rẻ, chưa rõ dùng tốt không.",neutral
"Game này hồi hộp, chơi mà tim đập nhanh!",positive
"Dịch vụ quảng cáo hay, thực tế thì dởm!",negative
"Nhạc này lạ lạ, chưa biết có hợp gu.",neutral
"Video này quay đẹp, xem thích mắt ghê!",positive
"Hàng giao thiếu đồ, shop không chịu bù!",negative
"Clip này nội dung mới, để xem hết thử.",neutral
"App này giao diện mượt, dùng rất đã!",positive
"Phim này dở kinh khủng, phí thời gian!",negative
"Game này bạn khen, để chơi thử xem.",neutral
"Nhạc live này hay, nghe mà nổi da gà!",positive
"Giao hàng chậm, còn giao nhầm địa chỉ!",negative
"Video này hơi buồn, chưa rõ có hay không.",neutral
"Sản phẩm này đáng giá, mua không tiếc!",positive
"Dịch vụ hỗ trợ khách hàng quá kém, bực!",negative
"Phim này dài tập, để xem từ từ.",neutral
"Clip này cười đau bụng, xem quá đã!",positive
"Hàng rẻ mà kém, mua về vứt xó!",negative
"App này mới ra, chưa biết có tốt không.",neutral
"Game này lôi cuốn, chơi quên cả ngủ!",positive
"Nhạc gì mà chán chết, nghe không vô!",negative
"Video này hình đẹp, chưa rõ nội dung sao.",neutral
"Phim này kịch bản hay, xem rất cuốn!",positive
"Dịch vụ giao hàng thiếu chuyên nghiệp, tệ!",negative
"Sản phẩm này giá cao, để suy nghĩ thêm.",neutral
"Clip này phân tích sâu, xem học hỏi nhiều!",positive
"Hàng giao trầy, shop không chịu đổi mới!",negative
"Game này mới lên sóng, chưa biết hot không.",neutral
"Nhạc này dịu dàng, nghe muốn thả hồn!",positive
"App này toàn lỗi, dùng mà tức điên!",negative
"Video này ngắn gọn, xem thấy cũng ổn.",neutral
"Phim hành động này đỉnh, xem sướng mắt!",positive
"Dịch vụ giao hàng lằng nhằng, không đáng tin!",negative
"Sản phẩm này bạn gợi ý, để thử xem sao.",neutral
"Clip này ý tưởng lạ, xem thích ghê!",positive
"Hàng giao lâu, mở ra hỏng luôn!",negative
"Nhạc này mới mẻ, chưa biết có thích không.",neutral
"Game nhập vai này đỉnh, chơi cực kỳ cuốn!",positive
"Dịch vụ quá tệ, không đáng để thử!",negative
"Video này nội dung nhẹ, xem cho vui.",neutral
"Phim này cảm xúc, xem mà rơi nước mắt!",positive
"Hàng gì mà kém thế, mua về tiếc nuối!",negative
"App này mới tải, chưa rõ có ổn không.",neutral
"Clip reaction này vui, xem cười sảng khoái!",positive
"Giao hàng chậm, nhân viên còn vô trách nhiệm!",negative
"Game này đồ họa đẹp, để chơi thử xem.",neutral
"Nhạc EDM này bốc, nghe muốn nhún nhảy!",positive
"Dịch vụ hỗ trợ khách hàng tệ, không nhiệt tình!",negative
"Phim này dài, chưa biết có đáng xem.",neutral
"Video này độc đáo, xem mà mê mẩn!",positive
"Hàng giao sai, shop không chịu sửa lỗi!",negative
"Sản phẩm này giá mềm, để mua thử xem.",neutral
"Game này căng thẳng, chơi mà hồi hộp!",positive
"Nhạc gì mà chán ngắt, nghe phát chán!",negative
"Clip này nội dung lạ, xem thử chơi.",neutral
"Phim này plot twist đỉnh, xem bất ngờ!",positive
"Dịch vụ giao hàng tệ, không đúng hẹn!",negative
"App này nghe bảo tiện, để dùng thử.",neutral
"Video du lịch này đẹp, xem muốn đi liền!",positive
"Hàng kém chất lượng, dùng vài hôm hỏng!",negative
"Nhạc này bình thường, chưa thấy gì đặc biệt.",neutral
"Game này hấp dẫn, chơi quên cả thời gian!",positive
"Dịch vụ hỗ trợ chậm, thái độ không tốt!",negative
"Phim này bạn khen, để xem thử sao.",neutral
"Clip này quay đẹp, nội dung lôi cuốn!",positive
"Hàng giao trễ, còn bị bể nữa!",negative
"Sản phẩm này giá ổn, chưa rõ bền không.",neutral
"Nhạc ballad này hay, nghe mà thấm thía!",positive
"Video này quá đỉnh, xem xong muốn xem lại!",positive
"Dịch vụ quá tệ, không đáng để thử lần hai!",negative
"Game này mới ra mắt, chưa biết có hay không.",neutral
"Nhạc này hay tuyệt, nghe là mê mẩn!",positive
"Giao hàng siêu chậm, làm ăn thiếu trách nhiệm!",negative
"Clip này nội dung ổn, xem giải trí được.",neutral
"Phim này kịch tính, xem mà tim đập thình thịch!",positive
"Hàng gì mà kém thế, mua về chỉ tổ tức!",negative
"Sản phẩm này bạn recommend, để thử xem sao.",neutral
"App này mượt mà, dùng thích không tả nổi!",positive
"Nhạc gì mà chán thế, nghe chẳng ra hồn!",negative
"Video này hơi dài, chưa rõ có đáng xem.",neutral
"Clip này dạy hay, làm theo thành công liền!",positive
"Dịch vụ giao hàng tệ, không tôn trọng khách!",negative
"Game này hình ảnh đẹp, để chơi thử xem.",neutral
"Phim này cảm động, xem xong rưng rưng nước mắt!",positive
"Hàng giao sai mẫu, shop còn không chịu đổi!",negative
"Nhạc này nghe tạm, chưa có gì nổi trội.",neutral
"Video dựng quá đẹp, nội dung cuốn hút ghê!",positive
"App này lag kinh khủng, dùng mà phát bực!",negative
"Sản phẩm này mới mua, chưa biết dùng lâu được không.",neutral
"Clip này tích cực, xem xong thấy yêu đời!",positive
"Giao hàng trễ, hàng còn bị méo mó nữa!",negative
"Phim này nghe nói hay, để xem thử đã.",neutral
"Game này chiến thuật đỉnh, chơi cực kỳ phê!",positive
"Dịch vụ hỗ trợ khách hàng quá tệ, chán luôn!",negative
"Video này ngắn gọn, xem cho vui thôi.",neutral
"Nhạc acoustic này dịu dàng, nghe thư giãn lắm!",positive
"Hàng giao lâu, chất lượng thì quá kém!",negative
"App này mới nghe nói, để tải về thử.",neutral
"Clip kể chuyện ma rùng rợn, xem mà nổi da gà!",positive
"Phim này nhạt nhẽo, xem nửa chừng là bỏ!",negative
"Sản phẩm này giá mềm, chưa rõ chất lượng sao.",neutral
"Game này căng thẳng, chơi mà hồi hộp ghê!",positive
"Dịch vụ quảng cáo thì hay, thực tế thì dở!",negative
"Nhạc này lạ tai, chưa biết có hợp không.",neutral
"Video này quay đẹp, xem đã mắt lắm!",positive
"Hàng giao thiếu phụ kiện, shop không chịu bù!",negative
"Clip này nội dung mới lạ, để xem hết xem.",neutral
"App này giao diện xịn, dùng rất tiện!",positive
"Phim này dở tệ, phí cả buổi tối xem!",negative
"Game này bạn khen, để chơi thử xem sao.",neutral
"Nhạc live này đỉnh, nghe mà nổi hết da gà!",positive
"Giao hàng chậm, còn giao nhầm chỗ nữa!",negative
"Video này hơi buồn, chưa rõ có hay không.",neutral
"Sản phẩm này đáng tiền, mua không hối tiếc!",positive
"Dịch vụ hỗ trợ khách hàng tệ, không đáng tin!",negative
"Phim này dài tập, để xem dần dần.",neutral
"Clip này hài hước, xem cười bể bụng!",positive
"Hàng rẻ mà kém, mua về chỉ tổ vứt!",negative
"App này mới ra, chưa biết có ổn không.",neutral
"Game này cuốn hút, chơi quên cả giờ giấc!",positive
"Nhạc gì mà chán thế, nghe không nổi luôn!",negative
"Video này hình đẹp, chưa rõ nội dung thế nào.",neutral
"Phim này kịch bản hay, xem rất đã!",positive
"Dịch vụ giao hàng thiếu trách nhiệm, chán!",negative
"Sản phẩm này giá cao, để cân nhắc thêm.",neutral
"Clip này phân tích kỹ, xem học được nhiều!",positive
"Hàng giao trầy xước, shop không chịu trách nhiệm!",negative
"Game này mới lên kệ, chưa biết có hot không.",neutral
"Nhạc này nhẹ nhàng, nghe muốn thả hồn!",positive
"App này lỗi liên tục, dùng mà tức điên!",negative
"Video này ngắn gọn, xem thấy cũng ổn.",neutral
"Phim hành động này đỉnh, xem mãn nhãn lắm!",positive
"Dịch vụ giao hàng lằng nhằng, không đáng tin!",negative
"Sản phẩm này bạn gợi ý, để thử xem sao.",neutral
"Clip này ý tưởng độc, xem thích mê!",positive
"Hàng giao lâu, mở ra hỏng luôn!",negative
"Nhạc này mới lạ, chưa biết có thích không.",neutral
"Game nhập vai này hay, chơi cực kỳ cuốn!",positive
"Dịch vụ quá tệ, không đáng để thử lần nữa!",negative
"Video này nội dung nhẹ, xem cho vui thôi.",neutral
"Phim này cảm xúc, xem mà rơi lệ!",positive
"Hàng gì mà kém thế, mua về tiếc đứt ruột!",negative
"App này mới cài, chưa rõ có tốt không.",neutral
"Clip reaction này vui, xem cười đau bụng!",positive
"Giao hàng chậm, nhân viên còn thái độ tệ!",negative
"Game này đồ họa đẹp, để chơi thử xem.",neutral
"Nhạc EDM này sôi động, nghe muốn nhảy luôn!",positive
"Dịch vụ hỗ trợ khách hàng kém, không nhiệt tình!",negative
"Phim này dài, chưa biết có đáng xem không.",neutral
"Video này sáng tạo, xem mà trầm trồ!",positive
"Hàng giao sai, shop không chịu sửa lỗi!",negative
"Sản phẩm này giá rẻ, để mua thử xem.",neutral
"Game này kịch tính, chơi mà tim đập mạnh!",positive
"Nhạc gì mà chán ngắt, nghe phát buồn!",negative
"Clip này nội dung lạ, xem thử cho biết.",neutral
"Phim này plot hay, xem xong bất ngờ!",positive
"Dịch vụ giao hàng tệ, không đúng giờ!",negative
"App này nghe bảo tiện, để dùng thử xem.",neutral
"Video du lịch này đẹp, xem muốn đi ngay!",positive
"Hàng kém bền, dùng vài hôm là hỏng!",negative
"Nhạc này bình thường, chưa thấy gì đặc biệt.",neutral
"Game này hấp dẫn, chơi quên cả ăn uống!",positive
"Dịch vụ hỗ trợ chậm, thái độ không ra gì!",negative
"Phim này bạn khen, để xem thử sao.",neutral
"Clip này quay đẹp, nội dung lôi cuốn!",positive
"Hàng giao trễ, còn bị bể nữa chứ!",negative
"Sản phẩm này giá ổn, chưa rõ bền không.",neutral
"Nhạc ballad này thấm, nghe mà xúc động!",positive
"Video này quá chất, xem xong muốn share ngay!",positive
"Dịch vụ tệ hại, không đáng một đồng nào!",negative
"Game này mới ra, chưa biết có đáng chơi không.",neutral
"Nhạc này đỉnh thật, nghe là ghiền luôn!",positive
"Giao hàng chậm kinh khủng, thái độ còn tệ!",negative
"Clip này nội dung ổn, xem cho vui thôi.",neutral
"Phim này hồi hộp, xem mà không dám thở!",positive
"Hàng gì mà kém thế, mua về chỉ tổ bực!",negative
"Sản phẩm này bạn giới thiệu, để thử xem.",neutral
"App này nhanh gọn, dùng thích mê ly!",positive
"Nhạc gì mà chán thế, nghe chẳng ra gì!",negative
"Video này hơi dài, chưa rõ có hay không.",neutral
"Clip này dạy đỉnh, làm theo dễ ẹc!",positive
"Dịch vụ giao hàng tệ, không đúng lời hứa!",negative
"Game này hình ảnh đẹp, để chơi thử đã.",neutral
"Phim này cảm động, xem xong muốn khóc!",positive
"Hàng giao sai, shop còn không chịu nhận lỗi!",negative
"Nhạc này nghe tạm, chưa có gì ấn tượng.",neutral
"Video dựng quá hay, xem mà mê mẩn!",positive
"App này lag hoài, dùng mà phát điên!",negative
"Sản phẩm này mới mua, chưa biết bền thế nào.",neutral
"Clip này truyền cảm hứng, xem xong có động lực!",positive
"Giao hàng trễ, hàng còn bị hỏng nữa!",negative
"Phim này nghe nói hay, để xem thử sao.",neutral
"Game này chiến thuật đỉnh, chơi cực kỳ đã!",positive
"Dịch vụ hỗ trợ khách hàng tệ, không đáng tin!",negative
"Video này ngắn gọn, xem giải trí cũng ổn.",neutral
"Nhạc acoustic này hay, nghe thư giãn ghê!",positive
"Hàng giao lâu, chất lượng thì quá kém!",negative
"App này mới nghe nói, để tải về xem.",neutral
"Clip kể chuyện ma ghê, xem mà lạnh sống lưng!",positive
"Phim này nhạt nhẽo, xem nửa đường bỏ luôn!",negative
"Sản phẩm này giá rẻ, chưa rõ dùng tốt không.",neutral
"Game này căng thẳng, chơi mà hồi hộp lắm!",positive
"Dịch vụ quảng cáo thì ngon, thực tế thì tệ!",negative
"Nhạc này lạ lạ, chưa biết có hợp gu không.",neutral
"Video này quay đẹp, xem đã mắt ghê!",positive
"Hàng giao thiếu, shop không chịu giải quyết!",negative
"Clip này nội dung mới, để xem hết thử.",neutral
"App này giao diện đẹp, dùng rất tiện lợi!",positive
"Phim này dở kinh khủng, phí thời gian xem!",negative
"Game này bạn khen, để chơi thử xem sao.",neutral
"Nhạc live này đỉnh, nghe mà nổi da gà!",positive
"Giao hàng chậm, còn giao nhầm hàng nữa!",negative
"Video này hơi buồn, chưa rõ có hay không.",neutral
"Sản phẩm này đáng giá, mua không hối hận!",positive
"Dịch vụ hỗ trợ khách hàng tệ, không nhiệt tình!",negative
"Phim này dài tập, để xem từ từ.",neutral
"Clip này hài hước, xem cười đau cả ruột!",positive
"Hàng rẻ mà kém, mua về chỉ tổ vứt!",negative
"App này mới ra, chưa biết có tốt không.",neutral
"Game này cuốn hút, chơi quên cả thời gian!",positive
"Nhạc gì mà chán thế, nghe không vô!",negative
"Video này hình đẹp, chưa rõ nội dung sao.",neutral
"Phim này kịch bản hay, xem rất cuốn!",positive
"Dịch vụ giao hàng thiếu trách nhiệm, chán!",negative
"Sản phẩm này giá cao, để suy nghĩ thêm.",neutral
"Clip này phân tích sâu, xem học được nhiều!",positive
"Hàng giao trầy, shop không chịu đổi mới!",negative
"Game này mới lên kệ, chưa biết có hot không.",neutral
"Nhạc này nhẹ nhàng, nghe muốn thả hồn!",positive
"App này lỗi liên tục, dùng mà tức điên!",negative
"Video này ngắn gọn, xem thấy cũng ổn.",neutral
"Phim hành động này đỉnh, xem mãn nhãn lắm!",positive
"Dịch vụ giao hàng lằng nhằng, không đáng tin!",negative
"Sản phẩm này bạn gợi ý, để thử xem sao.",neutral
"Clip này ý tưởng độc, xem thích mê!",positive
"Hàng giao lâu, mở ra hỏng luôn!",negative
"Nhạc này mới lạ, chưa biết có thích không.",neutral
"Game nhập vai này hay, chơi cực kỳ cuốn!",positive
"Dịch vụ quá tệ, không đáng để thử lần nữa!",negative
"Video này nội dung nhẹ, xem cho vui thôi.",neutral
"Phim này cảm xúc, xem mà rơi nước mắt!",positive
"Hàng gì mà kém thế, mua về tiếc đứt ruột!",negative
"App này mới cài, chưa rõ có tốt không.",neutral
"Clip reaction này vui, xem cười sảng khoái!",positive
"Giao hàng chậm, nhân viên còn thái độ tệ!",negative
"Game này đồ họa đẹp, để chơi thử xem.",neutral
"Nhạc EDM này sôi động, nghe muốn nhảy luôn!",positive
"Dịch vụ hỗ trợ khách hàng kém, không nhiệt tình!",negative
"Phim này dài, chưa biết có đáng xem không.",neutral
"Video này sáng tạo, xem mà trầm trồ!",positive
"Hàng giao sai, shop không chịu sửa lỗi!",negative
"Sản phẩm này giá rẻ, để mua thử xem.",neutral
"Game này kịch tính, chơi mà tim đập mạnh!",positive
"Nhạc gì mà chán ngắt, nghe phát buồn!",negative
"Clip này nội dung lạ, xem thử cho biết.",neutral
"Phim này plot hay, xem xong bất ngờ!",positive
"Dịch vụ giao hàng tệ, không đúng giờ!",negative
"App này nghe bảo tiện, để dùng thử xem.",neutral
"Video du lịch này đẹp, xem muốn đi ngay!",positive
"Hàng kém bền, dùng vài hôm là hỏng!",negative
"Nhạc này bình thường, chưa thấy gì đặc biệt.",neutral
"Game này hấp dẫn, chơi quên cả ăn uống!",positive
"Dịch vụ hỗ trợ chậm, thái độ không ra gì!",negative
"Phim này bạn khen, để xem thử sao.",neutral
"Clip này quay đẹp, nội dung lôi cuốn!",positive
"Hàng giao trễ, còn bị bể nữa chứ!",negative
"Sản phẩm này giá ổn, chưa rõ bền không.",neutral
"Nhạc ballad này thấm, nghe mà xúc động!",positive
"Video này quá chất, xem xong muốn share ngay!",positive
"Dịch vụ tệ hại, không đáng một đồng nào!",negative
"Game này mới ra, chưa biết có đáng chơi không.",neutral
"Nhạc này đỉnh thật, nghe là ghiền luôn!",positive
"Giao hàng chậm kinh khủng, thái độ còn tệ!",negative
"Clip này nội dung ổn, xem cho vui thôi.",neutral
"Phim này hồi hộp, xem mà không dám thở!",positive
"Hàng gì mà kém thế, mua về chỉ tổ bực!",negative
"Sản phẩm này bạn giới thiệu, để thử xem.",neutral
"App này nhanh gọn, dùng thích mê ly!",positive
"Nhạc gì mà chán thế, nghe chẳng ra gì!",negative
"Video này hơi dài, chưa rõ có hay không.",neutral
"Clip này dạy đỉnh, làm theo dễ ẹc!",positive
"Dịch vụ giao hàng tệ, không đúng lời hứa!",negative
"Game này hình ảnh đẹp, để chơi thử đã.",neutral
"Phim này cảm động, xem xong muốn khóc!",positive
"Hàng giao sai, shop còn không chịu nhận lỗi!",negative
"Nhạc này nghe tạm, chưa có gì ấn tượng.",neutral
"Video dựng quá hay, xem mà mê mẩn!",positive
"App này lag hoài, dùng mà phát điên!",negative
"Sản phẩm này mới mua, chưa biết bền thế nào.",neutral
"Clip này truyền cảm hứng, xem xong có động lực!",positive
"Giao hàng trễ, hàng còn bị hỏng nữa!",negative
"Phim này nghe nói hay, để xem thử sao.",neutral
"Game này chiến thuật đỉnh, chơi cực kỳ đã!",positive
"Dịch vụ hỗ trợ khách hàng tệ, không đáng tin!",negative
"Video này ngắn gọn, xem giải trí cũng ổn.",neutral
"Nhạc acoustic này hay, nghe thư giãn ghê!",positive
"Hàng giao lâu, chất lượng thì quá kém!",negative
"App này mới nghe nói, để tải về xem.",neutral
"Clip kể chuyện ma ghê, xem mà lạnh sống lưng!",positive
"Phim này nhạt nhẽo, xem nửa đường bỏ luôn!",negative
"Sản phẩm này giá rẻ, chưa rõ dùng tốt không.",neutral
"Game này căng thẳng, chơi mà hồi hộp lắm!",positive
"Dịch vụ quảng cáo thì ngon, thực tế thì tệ!",negative
"Nhạc này lạ lạ, chưa biết có hợp gu không.",neutral
"Video này quay đẹp, xem đã mắt ghê!",positive
"Hàng giao thiếu, shop không chịu giải quyết!",negative
"Clip này nội dung mới, để xem hết thử.",neutral
"App này giao diện đẹp, dùng rất tiện lợi!",positive
"Phim này dở kinh khủng, phí thời gian xem!",negative
"Game này bạn khen, để chơi thử xem sao.",neutral
"Nhạc live này đỉnh, nghe mà nổi da gà!",positive
"Giao hàng chậm, còn giao nhầm hàng nữa!",negative
"Video này hơi buồn, chưa rõ có hay không.",neutral
"Sản phẩm này đáng giá, mua không hối hận!",positive
"Dịch vụ hỗ trợ khách hàng tệ, không nhiệt tình!",negative
"Phim này dài tập, để xem từ từ.",neutral
"Clip này hài hước, xem cười đau cả ruột!",positive
"Hàng rẻ mà kém, mua về chỉ tổ vứt!",negative
"App này mới ra, chưa biết có tốt không.",neutral
"Game này cuốn hút, chơi quên cả thời gian!",positive
"Nhạc gì mà chán thế, nghe không vô!",negative
"Video này hình đẹp, chưa rõ nội dung sao.",neutral
"Phim này kịch bản hay, xem rất cuốn!",positive
"Dịch vụ giao hàng thiếu trách nhiệm, chán!",negative
"Sản phẩm này giá cao, để suy nghĩ thêm.",neutral
"Clip này phân tích sâu, xem học được nhiều!",positive
"Hàng giao trầy, shop không chịu đổi mới!",negative
"Game này mới lên kệ, chưa biết có hot không.",neutral
"Nhạc này nhẹ nhàng, nghe muốn thả hồn!",positive
"App này lỗi liên tục, dùng mà tức điên!",negative
"Video này ngắn gọn, xem thấy cũng ổn.",neutral
"Phim hành động này đỉnh, xem mãn nhãn lắm!",positive
"Dịch vụ giao hàng lằng nhằng, không đáng tin!",negative
"Sản phẩm này bạn gợi ý, để thử xem sao.",neutral
"Clip này ý tưởng độc, xem thích mê!",positive
"Hàng giao lâu, mở ra hỏng luôn!",negative
"Nhạc này mới lạ, chưa biết có thích không.",neutral
"Game nhập vai này hay, chơi cực kỳ cuốn!",positive
"Dịch vụ quá tệ, không đáng để thử lần nữa!",negative
"Video này nội dung nhẹ, xem cho vui thôi.",neutral
"Phim này cảm xúc, xem mà rơi nước mắt!",positive
"Hàng gì mà kém thế, mua về tiếc đứt ruột!",negative
"App này mới cài, chưa rõ có tốt không.",neutral
"Clip reaction này vui, xem cười sảng khoái!",positive
"Giao hàng chậm, nhân viên còn thái độ tệ!",negative
"Game này đồ họa đẹp, để chơi thử xem.",neutral
"Nhạc EDM này sôi động, nghe muốn nhảy luôn!",positive
"Dịch vụ hỗ trợ khách hàng kém, không nhiệt tình!",negative
"Phim này dài, chưa biết có đáng xem không.",neutral
"Video này sáng tạo, xem mà trầm trồ!",positive
"Hàng giao sai, shop không chịu sửa lỗi!",negative
"Sản phẩm này giá rẻ, để mua thử xem.",neutral
"Game này kịch tính, chơi mà tim đập mạnh!",positive
"Nhạc gì mà chán ngắt, nghe phát buồn!",negative
"Clip này nội dung lạ, xem thử cho biết.",neutral
"Phim này plot hay, xem xong bất ngờ!",positive
"Dịch vụ giao hàng tệ, không đúng giờ!",negative
"App này nghe bảo tiện, để dùng thử xem.",neutral
"Video du lịch này đẹp, xem muốn đi ngay!",positive
"Hàng kém bền, dùng vài hôm là hỏng!",negative
"Nhạc này bình thường, chưa thấy gì đặc biệt.",neutral
"Game này hấp dẫn, chơi quên cả ăn uống!",positive
"Dịch vụ hỗ trợ chậm, thái độ không ra gì!",negative
"Phim này bạn khen, để xem thử sao.",neutral
"Clip này quay đẹp, nội dung lôi cuốn!",positive
"Hàng giao trễ, còn bị bể nữa chứ!",negative
"Sản phẩm này giá ổn, chưa rõ bền không.",neutral
"Nhạc ballad này thấm, nghe mà xúc động!",positive
"Video review công nghệ này đỉnh, giải thích dễ hiểu!",positive
"Món ăn này dở tệ, không nuốt nổi luôn!",negative
"Áo này kiểu đẹp, chưa biết mặc lên sao.",neutral
"Clip du lịch này đẹp lung linh, xem muốn đi liền!",positive
"Điện thoại này lỗi liên tục, mua về hối hận!",negative
"Trận bóng này căng thẳng, chưa biết đội nào thắng.",neutral
"Công thức nấu ăn trong clip ngon, làm thử thành công!",positive
"Giày này xấu kinh khủng, không đáng giá tiền!",negative
"Khách sạn này nghe nói đẹp, để đặt thử xem.",neutral
"App học ngoại ngữ này hay, tiến bộ rõ rệt!",positive
"Món phở này nhạt nhẽo, thất vọng ghê!",negative
"Video tập gym này hơi khó, chưa biết có làm được không.",neutral
"Cảnh quay phim này đẹp mê hồn, xem đã mắt!",positive
"Dịch vụ sửa xe tệ, làm xong còn hỏng thêm!",negative
"Son này màu đẹp, chưa biết lên môi thế nào.",neutral
"Clip hướng dẫn vẽ đỉnh, học được nhiều kỹ thuật!",positive
"Đồ ăn giao trễ, nguội ngắt luôn!",negative
"Game bóng đá này mới ra, chưa biết có hay không.",neutral
"Video nhạc này chill, nghe thư giãn ghê!",positive
"Máy ảnh này chụp kém, phí tiền mua!",negative
"Quán cà phê này nghe nói xinh, để ghé thử.",neutral
"Clip làm đồ handmade này sáng tạo, thích quá!",positive
"Thời trang ở shop này lỗi mốt, chán ghê!",negative
"Tour du lịch này giá rẻ, chưa rõ chất lượng.",neutral
"Trận đấu này kịch tính, xem mà hồi hộp!",positive
"Dịch vụ spa này tệ, nhân viên không chuyên nghiệp!",negative
"Món bánh này nhìn ngon, chưa biết vị ra sao.",neutral
"Video review sách này hay, muốn mua đọc liền!",positive
"Tai nghe này âm thanh dở, không đáng giá!",negative
"Khóa học online này nghe nói tốt, để đăng ký thử.",neutral
"Clip tập yoga này dễ làm, cơ thể nhẹ nhàng hơn!",positive
"Đồ uống này ngọt gắt, uống không nổi!",negative
"Đồng hồ này thiết kế đẹp, chưa biết bền không.",neutral
"Video phỏng vấn này thú vị, nghe mà cuốn!",positive
"Dịch vụ giặt ủi này chậm, làm mất thời gian!",negative
"Món sushi này giá cao, chưa biết có ngon không.",neutral
"Game đua xe này đỉnh, chơi mà adrenaline tăng!",positive
"Áo khoác này mỏng dính, không giữ ấm nổi!",negative
"Clip dạy chụp ảnh này hay, để thử áp dụng.",neutral
"Nhạc cover này đỉnh, nghe muốn loop mãi!",positive
"Máy lọc không khí này ồn, dùng khó chịu!",negative
"Quán ăn này bạn khen, để ghé thử xem.",neutral
"Video khám phá thiên nhiên này đẹp, xem mê luôn!",positive
"Dịch vụ thuê xe này tệ, xe cũ kỹ quá!",negative
"Món trà sữa này nghe nói ngon, để thử xem.",neutral
"Clip dạy nhảy này vui, tập theo thấy khỏe!",positive
"Điện thoại này pin yếu, xài vài giờ là hết!",negative
"Sách này bìa đẹp, chưa biết nội dung ra sao.",neutral
"Trận bóng rổ này đỉnh, xem mà phấn khích!",positive
"Món chè này dở, không đúng vị truyền thống!",negative
"Video review mỹ phẩm này chi tiết, để thử mua.",neutral
"Game phiêu lưu này hay, chơi quên cả thời gian!",positive
"Dịch vụ cắt tóc này tệ, cắt xong xấu hơn!",negative
"Địa điểm du lịch này nghe nói đẹp, để đi thử.",neutral
"Clip dạy nấu phở này chuẩn, làm ra ngon tuyệt!",positive
"Tai nghe này đứt dây nhanh, chất lượng kém!",negative
"Áo thun này giá rẻ, chưa biết mặc có đẹp không.",neutral
"Video nhạc rap này đỉnh, flow quá chất!",positive
"Món pizza này nguội lạnh, giao hàng quá chậm!",negative
"Khóa học này bạn recommend, để xem thử sao.",neutral
"Clip review đồ chơi công nghệ này hay, muốn mua luôn!",positive
"Dịch vụ in ấn này tệ, màu in lem nhem!",negative
"Món cơm này nhìn ngon, chưa biết vị thế nào.",neutral
"Game bắn súng này đỉnh, chơi mà hồi hộp!",positive
"Son này màu xấu, lên môi không hợp!",negative
"Video dạy làm bánh này chi tiết, để thử làm.",neutral
"Nhạc acoustic này nhẹ nhàng, nghe thấm ghê!",positive
"Máy giặt này hỏng nhanh, phí tiền mua!",negative
"Quán này nghe nói đông, để ghé thử xem.",neutral
"Clip review phim này cuốn, muốn xem ngay!",positive
"Dịch vụ giao hoa này tệ, hoa héo hết!",negative
"Đồng hồ này kiểu đẹp, chưa biết chạy ổn không.",neutral
"Game chiến thuật này hay, chơi cực kỳ cuốn!",positive
"Món ăn này dở ẹc, không đáng thử!",negative
"Video dạy vẽ này bạn khen, để xem thử.",neutral
"Nhạc EDM này bùng nổ, nghe muốn quẩy luôn!",positive
"Điện thoại này nóng máy, dùng khó chịu!",negative
"Áo sơ mi này giá ổn, chưa biết chất vải sao.",neutral
"Clip du lịch biển này đẹp, xem muốn đi ngay!",positive
"Dịch vụ sửa điện thoại này tệ, làm xong hỏng thêm!",negative
"Món tráng miệng này nhìn ngon, chưa biết vị.",neutral
"Video review laptop này hay, muốn mua thử!",positive
"Giày này lỏng gót, đi không thoải mái!",negative
"Khách sạn này nghe nói xịn, để đặt thử.",neutral
"Game đua thuyền này đỉnh, chơi mà phấn khích!",positive
"Món bún này nhạt, không đúng chuẩn!",negative
"Video dạy yoga này bạn recommend, để tập thử.",neutral
"Nhạc ballad này sâu lắng, nghe mà thấm!",positive
"Máy ảnh này chụp mờ, không đáng tiền!",negative
"Quán trà này nghe nói chill, để ghé xem.",neutral
"Clip review tai nghe này chi tiết, muốn mua luôn!",positive
"Dịch vụ ship đồ này tệ, giao trễ liên tục!",negative
"Món phở này giá cao, chưa biết ngon không.",neutral
"Game phiêu lưu này đỉnh, chơi quên cả giờ!",positive
"Son này khô môi, dùng không thích!",negative
"Video dạy nấu ăn này hay, để thử làm.",neutral
"Nhạc live này đỉnh, nghe nổi da gà!",positive
"Máy lọc nước này ồn, dùng khó chịu!",negative
"Áo khoác này kiểu đẹp, chưa biết ấm không.",neutral
"Clip review game này cuốn, muốn chơi ngay!",positive
"Video review điện thoại này đỉnh, muốn mua ngay!",positive
"Món gà rán này dở, dầu mỡ kinh khủng!",negative
"Quần này kiểu đẹp, chưa biết mặc lên sao.",neutral
"Clip du lịch núi này đẹp, xem muốn đi khám phá!",positive
"Laptop này lag liên tục, mua về thất vọng!",negative
"Trận tennis này căng thẳng, chưa biết ai thắng.",neutral
"Công thức làm bánh trong clip ngon, làm ra tuyệt!",positive
"Túi xách này xấu, không đáng đồng tiền!",negative
"Resort này nghe nói sang, để đặt thử xem.",neutral
"App học toán này hay, giải bài nhanh chóng!",positive
"Món lẩu này nhạt, không đúng vị!",negative
"Video tập thể dục này hơi khó, chưa biết làm được không.Concurrent",neutral
"Phim tài liệu này hay, xem mở mang kiến thức!",positive
"Dịch vụ sửa laptop này tệ, làm xong hỏng thêm!",negative
"Kem này màu đẹp, chưa biết dùng có tốt không.",neutral
"Clip dạy hát này đỉnh, giọng hay hơn hẳn!",positive
"Đồ ăn giao trễ, lạnh ngắt luôn!",negative
"Game đua xe này mới ra, chưa biết có hay không.",neutral
"Video nhạc chill này đỉnh, nghe thư giãn lắm!",positive
"Loa này âm thanh rè, phí tiền mua!",negative
"Quán bar này nghe nói xịn, để ghé thử.",neutral
"Clip làm đồ thủ công này sáng tạo, thích ghê!",positive
"Áo len này mỏng, không ấm chút nào!",negative
"Chuyến bay này giá rẻ, chưa rõ dịch vụ sao.",neutral
"Trận bóng chuyền này đỉnh, xem mà phấn khích!",positive
"Dịch vụ massage này tệ, nhân viên không nhiệt tình!",negative
"Món mì này nhìn ngon, chưa biết vị ra sao.",neutral
"Video review truyện này hay, muốn đọc ngay!",positive
"Đồng hồ này chạy chậm, chất lượng kém!",negative
"Khóa học lập trình này nghe nói tốt, để thử xem.",neutral
"Clip tập nhảy này vui, tập theo thấy khỏe!",positive
"Món kem này ngọt quá, ăn không nổi!",negative
"Giày này thiết kế đẹp, chưa biết đi có êm không.",neutral
"Video phỏng vấn ca sĩ này thú vị, nghe cuốn!",positive
"Dịch vụ giặt thảm này tệ, làm xong vẫn bẩn!",negative
"Món bò này giá cao, chưa biết có ngon không.",neutral
"Game sinh tồn này đỉnh, chơi mà hồi hộp!",positive
"Quần jeans này rách nhanh, không bền chút nào!",negative
"Clip dạy chụp ảnh này hay, để áp dụng thử.",neutral
"Nhạc remix này đỉnh, nghe muốn nhảy luôn!",positive
"Máy hút bụi này yếu, không sạch nổi!",negative
"Quán phở này bạn khen, để ghé thử xem.",neutral
"Video khám phá hang động này đẹp, xem mê mẩn!",positive
"Dịch vụ thuê đồ này tệ, đồ cũ kỹ quá!",negative
"Món cháo này nghe nói ngon, để thử xem.",neutral
"Clip dạy múa này vui, tập theo thấy thích!",positive
"Điện thoại này màn hình mờ, dùng khó chịu!",negative
"Sách này bìa đẹp, chưa biết nội dung thế nào.",neutral
"Trận đấu võ này đỉnh, xem mà phấn khích!",positive
"Món canh này dở, không có vị gì!",negative
"Video review son này chi tiết, để thử mua.",neutral
"Game phiêu lưu này hay, chơi quên cả giờ!",positive
"Dịch vụ làm móng này tệ, làm xong xấu hơn!",negative
"Địa điểm cắm trại này nghe nói đẹp, để đi thử.",neutral
"Clip dạy làm sushi này chuẩn, làm ra ngon lắm!",positive
"Tai nghe này âm thanh nhỏ, chất lượng kém!",negative
"Váy này giá rẻ, chưa biết mặc có đẹp không.",neutral
"Video nhạc rap này chất, flow quá đỉnh!",positive
"Món bún này nguội lạnh, giao hàng quá chậm!",negative
"Khóa học này bạn recommend, để xem thử sao.",neutral
"Clip review máy ảnh này hay, muốn mua luôn!",positive
"Dịch vụ in áo này tệ, màu in phai nhanh!",negative
"Món cá này nhìn ngon, chưa biết vị thế nào.",neutral
"Game bắn súng này đỉnh, chơi mà hồi hộp!",positive
"Son này lên màu xấu, không hợp chút nào!",negative
"Video dạy làm đồ uống này hay, để thử làm.",neutral
"Nhạc live này đỉnh, nghe nổi da gà luôn!",positive
"Máy xay này hỏng nhanh, phí tiền mua!",negative
"Quán này nghe nói đông, để ghé thử xem.",neutral
"Clip review phim này cuốn, muốn xem ngay!",positive
"Dịch vụ giao đồ ăn này tệ, giao trễ liên tục!",negative
"Đồng hồ này kiểu đẹp, chưa biết chạy ổn không.",neutral
"Game chiến thuật này hay, chơi cực kỳ cuốn!",positive
"Món soup này dở, không đáng thử!",negative
"Video dạy vẽ này bạn khen, để xem thử.",neutral
"Nhạc EDM này bùng nổ, nghe muốn quẩy luôn!",positive
"Điện thoại này nóng máy, dùng khó chịu!",negative
"Áo sơ mi này giá ổn, chưa biết chất vải sao.",neutral
"Clip du lịch đảo này đẹp, xem muốn đi ngay!",positive
"Dịch vụ sửa máy tính này tệ, làm xong hỏng thêm!",negative
"Món dessert này nhìn ngon, chưa biết vị.",neutral
"Video review loa này hay, muốn mua thử!",positive
"Giày này lỏng gót, đi không thoải mái!",negative
"Khách sạn này nghe nói xịn, để đặt thử.",neutral
"Game đua thuyền này đỉnh, chơi mà phấn khích!",positive
"Món bún này nhạt, không đúng chuẩn!",negative
"Video dạy yoga này bạn recommend, để tập thử.",neutral
"Nhạc ballad này sâu lắng, nghe mà thấm!",positive
"Máy ảnh này chụp mờ, không đáng tiền!",negative
"Quán trà này nghe nói chill, để ghé xem.",neutral
"Clip review tai nghe này chi tiết, muốn mua luôn!",positive
"Dịch vụ ship đồ này tệ, giao trễ liên tục!",negative
"Món phở này giá cao, chưa biết ngon không.",neutral
"Game phiêu lưu này đỉnh, chơi quên cả giờ!",positive
"Son này khô môi, dùng không thích!",negative
"Video dạy nấu ăn này hay, để thử làm.",neutral
"Nhạc live này đỉnh, nghe nổi da gà!",positive
"Máy lọc nước này ồn, dùng khó chịu!",negative
"Áo khoác này kiểu đẹp, chưa biết ấm không.",neutral
"Clip review game này cuốn, muốn chơi ngay!",positive
"Video review smartwatch này hay, muốn sắm ngay!",positive
"Món bò kho này dở, thịt dai nhách!",negative
"Balo này thiết kế đẹp, chưa biết đựng đồ sao.",neutral
"Clip khám phá rừng này đẹp, xem muốn đi luôn!",positive
"Máy tính này treo liên tục, mua về bực mình!",negative
"Trận cầu lông này hấp dẫn, chưa rõ ai thắng.",neutral
"Công thức pha cà phê trong clip ngon, thử làm đỉnh!",positive
"Dép này lỏng chân, đi không chắc chắn!",negative
"Homestay này nghe nói xinh, để đặt thử xem.",neutral
"App học tiếng Anh này đỉnh, phát âm chuẩn ghê!",positive
"Món bánh mì này khô khốc, thất vọng quá!",negative
"Video hướng dẫn chạy bộ này hay, chưa biết áp dụng được không.",neutral
"Phim khoa học này thú vị, xem mở rộng tầm mắt!",positive
"Dịch vụ sửa ống nước này tệ, làm xong vẫn rò!",negative
"Nước hoa này mùi lạ, chưa biết có thơm lâu không.",neutral
"Clip dạy chơi guitar này đỉnh, học nhanh lên tay!",positive
"Đồ ăn giao muộn, mở ra hỏng hết!",negative
"Game đua ngựa này mới ra, chưa biết có cuốn không.",neutral
"Video nhạc acoustic này nhẹ, nghe chill ghê!",positive
"Micro này thu âm rè, không đáng mua!",negative
"Quán lẩu này nghe nói ngon, để ghé thử.",neutral
"Clip làm đồ tái chế này sáng tạo, thích quá!",positive
"Khăn choàng này mỏng, không giữ ấm nổi!",negative
"Vé tàu này giá rẻ, chưa rõ dịch vụ thế nào.",neutral
"Trận đua xe này đỉnh, xem mà phấn khích!",positive
"Dịch vụ chăm sóc thú cưng này tệ, không tận tâm!",negative
"Món chả cá này nhìn hấp dẫn, chưa biết vị sao.",neutral
"Video review tiểu thuyết này cuốn, muốn đọc liền!",positive
"Chuột máy tính này hỏng nhanh, kém chất lượng!",negative
"Khóa học thiết kế này nghe nói hay, để thử xem.",neutral
"Clip tập aerobic này vui, tập theo khỏe ra!",positive
"Món sinh tố này nhạt, chẳng có vị gì!",negative
"Mũ này kiểu đẹp, chưa biết đội có hợp không.",neutral
"Video trò chuyện với nghệ sĩ này thú vị, nghe mê!",positive
"Dịch vụ vệ sinh nhà này tệ, làm xong vẫn bẩn!",negative
"Món gà này giá đắt, chưa biết có ngon không.",neutral
"Game giải đố này đỉnh, chơi rèn trí não!",positive
"Vớ này mỏng dính, đi vài hôm là rách!",negative
"Clip dạy làm đồ trang trí này hay, để thử làm.",neutral
"Nhạc pop này bắt tai, nghe muốn hát theo!",positive
"Máy in này kẹt giấy hoài, dùng bực mình!",negative
"Quán nướng này bạn khen, để ghé thử xem.",neutral
"Video khám phá sa mạc này đẹp, xem mê hồn!",positive
"Dịch vụ thuê váy này tệ, váy cũ rách!",negative
"Món hủ tiếu này nghe nói ngon, để thử xem.",neutral
"Clip dạy khiêu vũ này vui, tập theo thích ghê!",positive
"Máy sấy tóc này yếu, sấy mãi không khô!",negative
"Truyện này bìa đẹp, chưa biết nội dung ra sao.",neutral
"Trận đấu bóng bàn này đỉnh, xem mà hồi hộp!",positive
"Món xôi này dở, không đúng vị truyền thống!",negative
"Video review nước hoa này chi tiết, để thử mua.",neutral
"Game kinh dị này hay, chơi mà lạnh gáy!",positive
"Dịch vụ làm đẹp này tệ, làm xong xấu hơn!",negative
"Chỗ trượt tuyết này nghe nói đẹp, để đi thử.",neutral
"Clip dạy làm mứt này chuẩn, làm ra ngon tuyệt!",positive
"Loa bluetooth này pin yếu, dùng chẳng lâu!",negative
"Áo mưa này giá rẻ, chưa biết chống thấm không.",neutral
"Video nhạc rock này đỉnh, nghe bùng nổ!",positive
"Món bánh cuốn này nguội, giao hàng quá chậm!",negative
"Khóa học này bạn gợi ý, để xem thử sao.",neutral
"Clip review bàn phím này hay, muốn mua luôn!",positive
"Dịch vụ sơn nhà này tệ, sơn lem nhem!",negative
"Món bạch tuộc này nhìn ngon, chưa biết vị.",neutral
"Game thể thao này đỉnh, chơi mà phấn khích!",positive
"Kem chống nắng này dính, dùng không thích!",negative
"Video dạy làm hoa giấy này hay, để thử làm.",neutral
"Nhạc jazz này đỉnh, nghe thư giãn ghê!",positive
"Máy pha cà phê này hỏng nhanh, phí tiền!",negative
"Quán này nghe nói đông, để ghé thử xem.",neutral
"Clip review series này cuốn, muốn xem ngay!",positive
"Dịch vụ giao quà này tệ, quà hỏng hết!",negative
"Ví này kiểu đẹp, chưa biết bền không.",neutral
"Game đua mô tô này hay, chơi cực kỳ cuốn!",positive
"Món cơm tấm này dở, không đúng chuẩn!",negative
"Video dạy thêu này bạn khen, để xem thử.",neutral
"Nhạc dance này sôi động, nghe muốn nhảy!",positive
"Đèn ngủ này sáng yếu, không đáng mua!",negative
"Áo dài này giá ổn, chưa biết may đẹp không.",neutral
"Clip du lịch suối này đẹp, xem muốn đi liền!",positive
"Dịch vụ sửa đồ điện này tệ, làm xong hỏng thêm!",negative
"Món nem này nhìn ngon, chưa biết vị sao.",neutral
"Video review ghế gaming này hay, muốn mua thử!",positive
"Thắt lưng này lỏng, dùng không chắc chắn!",negative
"Chỗ nghỉ dưỡng này nghe nói xịn, để đặt thử.",neutral
"Game phi thuyền này đỉnh, chơi mà phấn khích!",positive
"Món bánh xèo này nhạt, không ngon chút nào!",negative
"Video dạy tập gym này bạn recommend, để thử.",neutral
"Nhạc cổ điển này hay, nghe thư thái ghê!",positive
"Máy hút ẩm này yếu, không hiệu quả!",negative
"Quán cà phê này nghe nói chill, để ghé xem.",neutral
"Clip review phụ kiện này chi tiết, muốn mua luôn!",positive
"Dịch vụ giao hàng này tệ, giao trễ liên tục!",negative
"Món bún bò này giá cao, chưa biết ngon không.",neutral
"Game chiến đấu này đỉnh, chơi quên cả giờ!",positive
"Mặt nạ này kích ứng, dùng không hợp!",negative
"Video dạy làm đồ gỗ này hay, để thử làm.",neutral
"Nhạc indie này đỉnh, nghe lạ mà cuốn!",positive
"Máy lạnh này ồn, dùng khó chịu!",negative
"Túi đựng này kiểu đẹp, chưa biết bền không.",neutral
"Clip review anime này cuốn, muốn xem ngay!",positive
"Anh này giải toán giỏi thật, xem mà phục!",positive
"Cô ấy hát tệ quá, nghe không nổi luôn!",negative
"Bạn này vẽ khá ổn, nhưng chưa thực sự nổi bật.",neutral
"Chị ấy nấu ăn hay ghê, món nào cũng ngon!",positive
"Thằng này đá bóng xấu kinh khủng, toàn sút hỏng!",negative
"Cậu ấy nhảy múa tốt, nhưng cần thêm cảm xúc.",neutral
"Ông này lập trình đỉnh cao, code mượt như nước!",positive
"Bà này kể chuyện dở ẹc, nghe buồn ngủ!",negative
"Anh ấy chụp ảnh khá tốt, nhưng ánh sáng chưa ổn.",neutral
"Cô này thiết kế giỏi, đồ họa đẹp mê ly!",positive
"Hắn chơi game tệ hại, toàn thua từ đầu!",negative
"Chị ấy may vá hay, nhưng tốc độ hơi chậm.",neutral
"Anh này thuyết trình đỉnh, nghe cuốn ghê!",positive
"Cô ấy làm đồ thủ công xấu, nhìn rối mắt!",negative
"Bạn này viết lách khá, nhưng cần sáng tạo hơn.",neutral
"Chú ấy sửa xe giỏi thật, nhanh mà chuẩn!",positive
"Bà này dạy học tệ, giải thích chẳng hiểu gì!",negative
"Cậu ấy hát tốt, nhưng chưa đủ cảm xúc.",neutral
"Chị này nhảy múa hay, xem mà muốn học theo!",positive
"Anh này vẽ tranh dở, màu sắc lộn xộn!",negative
"Cô ấy nấu ăn khá ổn, nhưng chưa đặc sắc.",neutral
"Ông này chơi cờ giỏi, đánh đâu thắng đó!",positive
"Bà ấy làm tóc xấu, cắt xong muốn khóc!",negative
"Bạn này kể chuyện tốt, nhưng giọng hơi đều.",neutral
"Anh ấy làm đồ gỗ hay, chi tiết quá đẹp!",positive
"Cô này chụp ảnh tệ, toàn mờ với lệch!",negative
"Chị ấy viết nhạc khá, nhưng giai điệu chưa ấn tượng.",neutral
"Cậu này đá bóng giỏi, kỹ thuật đỉnh cao!",positive
"Ông ấy sửa điện dở, làm xong vẫn hỏng!",negative
"Bà này dạy nhảy tốt, nhưng hơi nghiêm khắc.",neutral
"Anh này làm phim đỉnh, cảnh quay mãn nhãn!",positive
"Cô ấy vẽ móng tay xấu, lem nhem hết!",negative
"Bạn này lập trình khá, nhưng code hơi dài dòng.",neutral
"Chị này hát hay, giọng cao vút luôn!",positive
"Anh ấy nấu ăn tệ, món nào cũng mặn chát!",negative
"Cậu này chơi piano tốt, nhưng cần thêm cảm xúc.",neutral
"Ông này thiết kế nội thất giỏi, đẹp không tì vết!",positive
"Bà ấy may quần áo dở, đường chỉ lệch lung tung!",negative
"Chị này kể chuyện khá, nhưng chưa đủ cuốn hút.",neutral
"Anh ấy chơi game hay, rank cao ngất ngưởng!",positive
"Cô này làm bánh tệ, cháy đen thui!",negative
"Bạn này chụp ảnh tốt, nhưng góc hơi đơn điệu.",neutral
"Chú ấy làm vườn giỏi, cây nào cũng xanh mướt!",positive
"Bà này dạy yoga xấu, động tác không chuẩn!",negative
"Anh này viết truyện khá, nhưng kết hơi hụt hẫng.",neutral
"Cô ấy múa ballet hay, động tác mềm mại ghê!",positive
"Anh này sửa máy tính tệ, làm xong còn lag hơn!",negative
"Chị này làm đồ handmade tốt, nhưng hơi chậm.",neutral
"Cậu này đá cầu giỏi, kỹ thuật siêu đỉnh!",positive
"Bà ấy pha trà dở, đắng nghét luôn!",negative
"Anh này vẽ graffiti khá, nhưng màu chưa hài hòa.",neutral
"Chị ấy làm video đỉnh, dựng phim quá chất!",positive
"Cô này dạy nấu ăn tệ, hướng dẫn rối rắm!",negative
"Bạn này chơi violin tốt, nhưng cần thêm hồn.",neutral
"Ông này làm đồ da hay, sản phẩm đẹp lung linh!",positive
"Bà ấy chụp ảnh xấu, toàn out nét!",negative
"Anh này viết code khá, nhưng cần tối ưu hơn.",neutral
"Cô ấy nhảy hip-hop giỏi, phong cách đỉnh cao!",positive
"Chú này làm mộc tệ, bàn ghế lung lay hết!",negative
"Chị này dạy tiếng Anh tốt, nhưng hơi nhanh.",neutral
"Anh ấy làm ảo thuật hay, xem mà ngỡ ngàng!",positive
"Cô này vẽ chân dung dở, không giống người thật!",negative
"Bạn này làm đồ gốm khá, nhưng chưa đều tay.",neutral
"Ông này chơi bóng rổ giỏi, cú ném quá chuẩn!",positive
"Bà ấy làm bánh mì tệ, khô như đá!",negative
"Anh này kể chuyện kinh dị tốt, nhưng giọng hơi nhỏ.",neutral
"Chị ấy làm đồ trang sức đỉnh, tinh xảo ghê!",positive
"Cô này dạy múa xấu, động tác cứng nhắc!",negative
"Cậu này chơi trống khá, nhưng nhịp hơi lệch.",neutral
"Anh ấy làm phim hoạt hình hay, sáng tạo ghê!",positive
"Bà này pha cà phê tệ, nhạt như nước lã!",negative
"Chị này làm nail tốt, nhưng màu hơi đơn điệu.",neutral
"Cậu này chơi bóng chuyền giỏi, phát bóng siêu mạnh!",positive
"Anh ấy vẽ tranh sơn dầu dở, màu loang lổ!",negative
"Cô này dạy yoga khá, nhưng cần thêm năng lượng.",neutral
"Ông này làm đồ điện đỉnh, sửa nhanh gọn!",positive
"Bà ấy làm đồ ăn vặt tệ, dầu cũ kinh khủng!",negative
"Anh này viết blog tốt, nhưng cần thêm hình ảnh.",neutral
"Chị ấy múa đương đại hay, cảm xúc dạt dào!",positive
"Cô này làm tóc xấu, nhuộm hỏng luôn!",negative
"Bạn này chơi saxophone khá, nhưng hơi thiếu hơi.",neutral
"Anh ấy làm đồ chơi gỗ giỏi, chi tiết quá đẹp!",positive
"Bà này dạy vẽ tệ, hướng dẫn chẳng rõ ràng!",negative
"Cậu này làm đồ tái chế tốt, nhưng hơi thô.",neutral
"Chị ấy hát opera đỉnh, giọng vang kinh khủng!",positive
"Anh này làm bánh ngọt dở, ngọt gắt luôn!",negative
"Cô này dạy nhảy khá, nhưng cần thêm sáng tạo.",neutral
"Ông này chơi cờ vua giỏi, tính nước đi siêu!",positive
"Bà ấy làm đồ chay tệ, không có vị gì!",negative
"Anh này làm video reaction tốt, nhưng hơi dài.",neutral
"Chị ấy vẽ tranh thủy mặc hay, đẹp mê hồn!",positive
"Cô này làm đồ uống xấu, pha chế lung tung!",negative
"Bạn này chơi guitar khá, nhưng cần thêm cảm xúc.",neutral
"Anh ấy làm đồ nội thất đỉnh, chắc chắn ghê!",positive
"Bà này dạy nấu ăn tệ, món nào cũng thất bại!",negative
"Cậu này làm đồ thủ công tốt, nhưng hơi chậm.",neutral
"Chị ấy hát rap giỏi, flow quá chất!",positive
"Anh này làm đồ điện tử dở, hỏng ngay ngày đầu!",negative
"Cô này dạy aerobic khá, nhưng động tác hơi khó.",neutral
"Ông này làm đồ trang trí đỉnh, sáng tạo ghê!",positive